{
  "data": [
    {
      "name": "AFNetworking",
      "path": "/Users/zhongwu/Documents/workspace/YKChannelComponent/SourcePackages/Downloads/Caches/Release/AFNetworking/3.2.1.0-bc9e9/file.zip",
      "url": "http://mtl.alibaba-inc.com/oss/mupp/13209792/build/lipo/AFNetworking.library.zip"
    },
    {
      "name": "AXPPlayerService",
      "path": "/Users/zhongwu/Documents/workspace/YKChannelComponent/SourcePackages/Downloads/Caches/Release/AXPPlayerService/2.20221213.3.1-71c60/file.zip",
      "url": "https://mtl.alibaba-inc.com/oss/mtl4-dev/mtl4/jobs/3244582/artifacts/workspace/build/lipo/AXPPlayerService.library.zip"
    },
    {
      "name": "AliACCSInterface",
      "path": "/Users/zhongwu/Documents/workspace/YKChannelComponent/SourcePackages/Downloads/Caches/Release/AliACCSInterface/0.0.100-b65db/file.zip",
      "url": "https://sg.mtl4.alibaba-inc.com/scheduler/jobs/100346075/artifacts/f7e729e040b44f1093a1b2c2f2bf030b/download/AliACCSInterfaceBox.bundle.zip"
    },
    {
      "name": "AliAPMInterface",
      "path": "/Users/zhongwu/Documents/workspace/YKChannelComponent/SourcePackages/Downloads/Caches/Release/AliAPMInterface/1.1.6-82ffd/file.zip",
      "url": "https://sg.mtl4.alibaba-inc.com/scheduler/jobs/100316903/artifacts/8c86c18a74e44642a82f0152548f0edb/download/AliAPMInterfaceBox.bundle.zip"
    },
    {
      "name": "AliCacheInterface",
      "path": "/Users/zhongwu/Documents/workspace/YKChannelComponent/SourcePackages/Downloads/Caches/Release/AliCacheInterface/0.1.2-4da6c/file.zip",
      "url": "https://sg.mtl4.alibaba-inc.com/scheduler/jobs/100315711/artifacts/e6fb494c983a4d39ad3f725448a68a5b/download/AliCacheInterfaceBox.bundle.zip"
    },
    {
      "name": "AliConfigInterface",
      "path": "/Users/zhongwu/Documents/workspace/YKChannelComponent/SourcePackages/Downloads/Caches/Release/AliConfigInterface/0.1.100-c210a/file.zip",
      "url": "https://sg.mtl4.alibaba-inc.com/scheduler/jobs/100346139/artifacts/ffc829744b3c48daa7f2220cd17b4333/download/AliConfigInterfaceBox.bundle.zip"
    },
    {
      "name": "AliCrashReporterInterface",
      "path": "/Users/zhongwu/Documents/workspace/YKChannelComponent/SourcePackages/Downloads/Caches/Release/AliCrashReporterInterface/0.1.6-aa5f7/file.zip",
      "url": "https://sg.mtl4.alibaba-inc.com/scheduler/jobs/100318637/artifacts/03ca504b06524d7c96e84a959c925fda/download/AliCrashReporterInterfaceBox.bundle.zip"
    },
    {
      "name": "AliDataFrame",
      "path": "/Users/zhongwu/Documents/workspace/YKChannelComponent/SourcePackages/Downloads/Caches/Release/AliDataFrame/100.0.0.1-4293a/file.zip",
      "url": "https://sg.mtl4.alibaba-inc.com/scheduler/jobs/100345455/artifacts/c1590bfeb6354e32b839530b0cce9455/download/AliDataFrameLibraryBox.bundle.zip"
    },
    {
      "name": "AliDatabaseES",
      "path": "/Users/zhongwu/Documents/workspace/YKChannelComponent/SourcePackages/Downloads/Caches/Release/AliDatabaseES/2.0.0.39-6f0de/file.zip",
      "url": "https://mtl.alibaba-inc.com/oss/mtl4-dev/mtl4/jobs/4916738/artifacts/workspace/solutions/iOS/build/lipo/AliDatabaseES.library.zip"
    },
    {
      "name": "AliHADeviceEvaluation",
      "path": "/Users/zhongwu/Documents/workspace/YKChannelComponent/SourcePackages/Downloads/Caches/Release/AliHADeviceEvaluation/10.1.0-91ab7/file.zip",
      "url": "https://mtl.alibaba-inc.com/oss/mtl4-dev/mtl4/jobs/5254667/artifacts/workspace/build/lipo/AliHADeviceEvaluation.library.zip"
    },
    {
      "name": "AliHAExceptionMonitor",
      "path": "/Users/zhongwu/Documents/workspace/YKChannelComponent/SourcePackages/Downloads/Caches/Release/AliHAExceptionMonitor/1.4-c994d/file.zip",
      "url": "https://mtl4.alibaba-inc.com/scheduler/jobs/8313855/artifacts/1a7feb2732f24c6587733cc478e606f8/download/AliHAExceptionMonitorBox.bundle.zip"
    },
    {
      "name": "AliHALogEngine",
      "path": "/Users/zhongwu/Documents/workspace/YKChannelComponent/SourcePackages/Downloads/Caches/Release/AliHALogEngine/10.3.1-6baf2/file.zip",
      "url": "https://mtl.alibaba-inc.com/oss/mtl4-dev/mtl4/jobs/7968001/artifacts/solutions/iOS/build/xcframework/AliHALogEngine.library.zip"
    },
    {
      "name": "AliHAMethodTrace",
      "path": "/Users/zhongwu/Documents/workspace/YKChannelComponent/SourcePackages/Downloads/Caches/Release/AliHAMethodTrace/10.0.4.3-8af3c/file.zip",
      "url": "http://mtl.alibaba-inc.com/oss/mupp/11297644/build/lipo/AliHAMethodTrace.library.zip"
    },
    {
      "name": "AliHAProtocol",
      "path": "/Users/zhongwu/Documents/workspace/YKChannelComponent/SourcePackages/Downloads/Caches/Release/AliHAProtocol/10.0.4.44-80ad6/file.zip",
      "url": "https://mtl.alibaba-inc.com/oss/mtl4-dev/mtl4/jobs/379163/artifacts/workspace/build/lipo/AliHAProtocol.library.zip"
    },
    {
      "name": "AliHASecurity",
      "path": "/Users/zhongwu/Documents/workspace/YKChannelComponent/SourcePackages/Downloads/Caches/Release/AliHASecurity/10.3-cfe29/file.zip",
      "url": "https://sg.mtl4.alibaba-inc.com/scheduler/jobs/100320514/artifacts/f0d249ce70da489db78d1e2eb38ecf9b/download/AliHASecurityBox.bundle.zip"
    },
    {
      "name": "AliML",
      "path": "/Users/zhongwu/Documents/workspace/YKChannelComponent/SourcePackages/Downloads/Caches/Release/AliML/2.0.0.11-fa134/file.zip",
      "url": "https://mtl.alibaba-inc.com/oss/mtl4-dev/mtl4/jobs/2077088/artifacts/workspace/AliML/build/lipo/AliML.library.zip"
    },
    {
      "name": "AliNNPython",
      "path": "/Users/zhongwu/Documents/workspace/YKChannelComponent/SourcePackages/Downloads/Caches/Release/AliNNPython/2.8.4.15-dbfe4/file.zip",
      "url": "https://mtl.alibaba-inc.com/oss/mtl4-dev/mtl4/jobs/4210120/artifacts/workspace/build/lipo/alinnpython.library.zip"
    },
    {
      "name": "AliNetStateInterface",
      "path": "/Users/zhongwu/Documents/workspace/YKChannelComponent/SourcePackages/Downloads/Caches/Release/AliNetStateInterface/0.1.3-1af1c/file.zip",
      "url": "https://mtl4.alibaba-inc.com/scheduler/jobs/5098781/artifacts/f1c09f895ddd4bceaf52a55f5ba57454/download/AliNetStateInterfaceBox.bundle.zip"
    },
    {
      "name": "AliPluginManager",
      "path": "/Users/zhongwu/Documents/workspace/YKChannelComponent/SourcePackages/Downloads/Caches/Release/AliPluginManager/1.0.1.5-3ed85/file.zip",
      "url": "http://mtl.alibaba-inc.com/oss/mupp/12886417/build/lipo/AliPluginManager.library.zip"
    },
    {
      "name": "AliRemoteDebugInterface",
      "path": "/Users/zhongwu/Documents/workspace/YKChannelComponent/SourcePackages/Downloads/Caches/Release/AliRemoteDebugInterface/0.0.1.9-99aee/file.zip",
      "url": "https://mtl.alibaba-inc.com/oss/mtl4-dev/mtl4/jobs/1627015/artifacts/workspace/build/lipo/AliRemoteDebugInterface.library.zip"
    },
    {
      "name": "AliUTDIDInterface",
      "path": "/Users/zhongwu/Documents/workspace/YKChannelComponent/SourcePackages/Downloads/Caches/Release/AliUTDIDInterface/0.1.2-ac5fd/file.zip",
      "url": "https://mtl4.alibaba-inc.com/scheduler/jobs/5125402/artifacts/916079692e554b4b912467ebdcecb558/download/AliUTDIDInterfaceBox.bundle.zip"
    },
    {
      "name": "AliUploadInterface",
      "path": "/Users/zhongwu/Documents/workspace/YKChannelComponent/SourcePackages/Downloads/Caches/Release/AliUploadInterface/1.0.2-30683/file.zip",
      "url": "https://sg.mtl4.alibaba-inc.com/scheduler/jobs/100377743/artifacts/1596a5d92c834393a6caa534b6846e72/download/AliUploadInterfaceBox.bundle.zip"
    },
    {
      "name": "AliUserTrackInterface",
      "path": "/Users/zhongwu/Documents/workspace/YKChannelComponent/SourcePackages/Downloads/Caches/Release/AliUserTrackInterface/100.0.0.1-d335e/file.zip",
      "url": "https://sg.mtl4.alibaba-inc.com/scheduler/jobs/100345450/artifacts/329871e3b1434feba3364c7452d99260/download/AliUserTrackInterfaceBox.bundle.zip"
    },
    {
      "name": "AliVfsDB",
      "path": "/Users/zhongwu/Documents/workspace/YKChannelComponent/SourcePackages/Downloads/Caches/Release/AliVfsDB/2.0.102-5f56a/file.zip",
      "url": "https://sg.mtl4.alibaba-inc.com/scheduler/jobs/100483256/artifacts/7ac36e9dc2054af9a31da2549990282c/download/AliVfsDBBox.bundle.zip"
    },
    {
      "name": "AliVfsSDK",
      "path": "/Users/zhongwu/Documents/workspace/YKChannelComponent/SourcePackages/Downloads/Caches/Release/AliVfsSDK/2.0.104-cc221/file.zip",
      "url": "https://sg.mtl4.alibaba-inc.com/scheduler/jobs/100483275/artifacts/0b5f9013972b4ccc9e515151ccbdaeb8/download/AliVfsSDKBox.bundle.zip"
    },
    {
      "name": "AliXAdSDK",
      "path": "/Users/zhongwu/Documents/workspace/YKChannelComponent/SourcePackages/Downloads/Caches/Release/AliXAdSDK/2.6.2.80-41529/file.zip",
      "url": "https://mtl.alibaba-inc.com/oss/mtl4-dev/mtl4/jobs/5566220/artifacts/workspace/build/lipo/AliXAdSDK.library.zip"
    },
    {
      "name": "AliXPluginFramework",
      "path": "/Users/zhongwu/Documents/workspace/YKChannelComponent/SourcePackages/Downloads/Caches/Release/AliXPluginFramework/1.20.922.4-SNAPSHOT-900be/file.zip",
      "url": "http://mtl.alibaba-inc.com/oss/mupp/13935107/AliXPluginFramework/build/lipo/AliXPluginFramework.library.zip"
    },
    {
      "name": "AlixPlayer-iOS",
      "path": "/Users/zhongwu/Documents/workspace/YKChannelComponent/SourcePackages/Downloads/Caches/Release/AlixPlayer-iOS/1.2020.817.7-692ae/file.zip",
      "url": "http://mtl.alibaba-inc.com/oss/mupp/13675987/build/lipo/AlixPlayer-iOS.library.zip"
    },
    {
      "name": "AppAwake",
      "path": "/Users/zhongwu/Documents/workspace/YKChannelComponent/SourcePackages/Downloads/Caches/Release/AppAwake/1.0.2.49-fed0e/file.zip",
      "url": "https://mtl.alibaba-inc.com/oss/mtl4-dev/mtl4/jobs/2920830/artifacts/workspace/build/lipo/AppAwake.library.zip"
    },
    {
      "name": "BizErrorReporter4iOS",
      "path": "/Users/zhongwu/Documents/workspace/YKChannelComponent/SourcePackages/Downloads/Caches/Release/BizErrorReporter4iOS/10.0.6-fbd85/file.zip",
      "url": "https://sg.mtl4.alibaba-inc.com/scheduler/jobs/100323942/artifacts/f7d2d7c8df2a4329ba01afe3c951e58d/download/BizErrorReporter4iOSBox.bundle.zip"
    },
    {
      "name": "CocoaLumberjack",
      "path": "/Users/zhongwu/Documents/workspace/YKChannelComponent/SourcePackages/Downloads/Caches/Release/CocoaLumberjack/1.9.3.6-61c0f/file.zip",
      "url": "http://mtl.alibaba-inc.com/oss/mupp/23302/1299746/1299746/a0d233cb01305a007c2cd9be0f4acc64/CocoaLumberjack.library.zip"
    },
    {
      "name": "DYKGlobalData",
      "path": "/Users/zhongwu/Documents/workspace/YKChannelComponent/SourcePackages/Downloads/Caches/Release/DYKGlobalData/1.0.1.14-3dc23/file.zip",
      "url": "http://mtl.alibaba-inc.com/oss/mupp/13809908/build/lipo/DYKGlobalData.library.zip"
    },
    {
      "name": "DYKH5SDK",
      "path": "/Users/zhongwu/Documents/workspace/YKChannelComponent/SourcePackages/Downloads/Caches/Release/DYKH5SDK/3.7.7.18-9024c/file.zip",
      "url": "http://mtl.alibaba-inc.com/oss/mupp/15226073/build/lipo/DYKH5SDK.library.zip"
    },
    {
      "name": "DYKIOSCategory",
      "path": "/Users/zhongwu/Documents/workspace/YKChannelComponent/SourcePackages/Downloads/Caches/Release/DYKIOSCategory/1.0.1.91-65d38/file.zip",
      "url": "https://mtl.alibaba-inc.com/oss/mtl4-dev/mtl4/jobs/215881/artifacts/workspace/build/lipo/DYKIOSCategory.library.zip"
    },
    {
      "name": "DYKLaunchTasks",
      "path": "/Users/zhongwu/Documents/workspace/YKChannelComponent/SourcePackages/Downloads/Caches/Release/DYKLaunchTasks/1.1.6.59-17c10/file.zip",
      "url": "https://mtl.alibaba-inc.com/oss/mtl4-dev/mtl4/jobs/275567/artifacts/workspace/build/lipo/DYKLaunchTasks.library.zip"
    },
    {
      "name": "DYKNavigator",
      "path": "/Users/zhongwu/Documents/workspace/YKChannelComponent/SourcePackages/Downloads/Caches/Release/DYKNavigator/1.0.2.128-b8b21/file.zip",
      "url": "https://mtl.alibaba-inc.com/oss/mtl4-dev/mtl4/jobs/1038518/artifacts/workspace/build/lipo/DYKNavigator.library.zip"
    },
    {
      "name": "DYKNetwork",
      "path": "/Users/zhongwu/Documents/workspace/YKChannelComponent/SourcePackages/Downloads/Caches/Release/DYKNetwork/1.3.1.31-a4649/file.zip",
      "url": "https://mtl.alibaba-inc.com/oss/mtl4-dev/mtl4/jobs/552231/artifacts/workspace/build/lipo/DYKNetwork.library.zip"
    },
    {
      "name": "DYKURLRouter",
      "path": "/Users/zhongwu/Documents/workspace/YKChannelComponent/SourcePackages/Downloads/Caches/Release/DYKURLRouter/1.0.1.90-34041/file.zip",
      "url": "http://mtl.alibaba-inc.com/oss/mupp/14234198/build/lipo/DYKURLRouter.library.zip"
    },
    {
      "name": "DeviceInfoSdk",
      "path": "/Users/zhongwu/Documents/workspace/YKChannelComponent/SourcePackages/Downloads/Caches/Release/DeviceInfoSdk/1.0.2.7-6757a/file.zip",
      "url": "https://mtl.alibaba-inc.com/oss/mtl4-dev/mtl4/jobs/804157/artifacts/workspace/build/lipo/DeviceInfoSdk.library.zip"
    },
    {
      "name": "FMDB",
      "path": "/Users/zhongwu/Documents/workspace/YKChannelComponent/SourcePackages/Downloads/Caches/Release/FMDB/2.9.26-7227e/file.zip",
      "url": "http://pod.alibaba-inc.com/pod/download/FMDB/2.6-framework/FMDB.framework.zip"
    },
    {
      "name": "FileMD5Hash",
      "path": "/Users/zhongwu/Documents/workspace/YKChannelComponent/SourcePackages/Downloads/Caches/Release/FileMD5Hash/1.0.3.2-framework-7156f/file.zip",
      "url": "http://mtl.alibaba-inc.com/oss/mupp/24743/1543330/1543330/8de5e7b08fd9c111e914589c244cb339/FileMD5Hash.library.zip"
    },
    {
      "name": "GaiaX",
      "path": "/Users/zhongwu/Documents/workspace/YKChannelComponent/SourcePackages/Downloads/Caches/Release/GaiaX/0.0.3.33-646ed/file.zip",
      "url": "https://mtl.alibaba-inc.com/oss/mtl4-dev/mtl4/jobs/4849217/artifacts/workspace/build/lipo/GaiaX.library.zip"
    },
    {
      "name": "GaiaXBusiness",
      "path": "/Users/zhongwu/Documents/workspace/YKChannelComponent/SourcePackages/Downloads/Caches/Release/GaiaXBusiness/0.0.1.65-97643/file.zip",
      "url": "https://mtl.alibaba-inc.com/oss/mtl4-dev/mtl4/jobs/4199000/artifacts/workspace/build/lipo/GaiaXBusiness.library.zip"
    },
    {
      "name": "GaiaXContainer-iOS",
      "path": "/Users/zhongwu/Documents/workspace/YKChannelComponent/SourcePackages/Downloads/Caches/Release/GaiaXContainer-iOS/0.0.3.63-7bd1c/file.zip",
      "url": "https://mtl.alibaba-inc.com/oss/mtl4-dev/mtl4/jobs/6876226/artifacts/workspace/build/lipo/GaiaXContainer-iOS.library.zip"
    },
    {
      "name": "GaiaXCore",
      "path": "/Users/zhongwu/Documents/workspace/YKChannelComponent/SourcePackages/Downloads/Caches/Release/GaiaXCore/0.0.6.76-SNAPSHOT-cfba1/file.zip",
      "url": "https://mtl.alibaba-inc.com/oss/mtl4-dev/mtl4/jobs/5386328/artifacts/workspace/build/lipo/GaiaXCore.library.zip"
    },
    {
      "name": "GaiaXJS",
      "path": "/Users/zhongwu/Documents/workspace/YKChannelComponent/SourcePackages/Downloads/Caches/Release/GaiaXJS/2.0.0.18-c4db6/file.zip",
      "url": "https://mtl.alibaba-inc.com/oss/mtl4-dev/mtl4/jobs/4828421/artifacts/workspace/build/lipo/GaiaXJS.library.zip"
    },
    {
      "name": "GaiaXSocket",
      "path": "/Users/zhongwu/Documents/workspace/YKChannelComponent/SourcePackages/Downloads/Caches/Release/GaiaXSocket/0.0.0.1-5cae6/file.zip",
      "url": "https://mtl.alibaba-inc.com/oss/mtl4-dev/mtl4/jobs/3423314/artifacts/workspace/build/lipo/GaiaXSocket.library.zip"
    },
    {
      "name": "GodViewTracker",
      "path": "/Users/zhongwu/Documents/workspace/YKChannelComponent/SourcePackages/Downloads/Caches/Release/GodViewTracker/1.0.2.55-91c35/file.zip",
      "url": "http://mtl.alibaba-inc.com/oss/mupp/14001680/build/lipo/GodViewTracker.library.zip"
    },
    {
      "name": "JDYThreadTrace",
      "path": "/Users/zhongwu/Documents/workspace/YKChannelComponent/SourcePackages/Downloads/Caches/Release/JDYThreadTrace/10.0.0-33bb5/file.zip",
      "url": "http://mtl.alibaba-inc.com/oss/mupp/30601/2559137/2559137/665411ca8c3e7ba065c5fac7263f0051/JDYThreadTrace.library.zip"
    },
    {
      "name": "JSONModel",
      "path": "/Users/zhongwu/Documents/workspace/YKChannelComponent/SourcePackages/Downloads/Caches/Release/JSONModel/1.7.1-framework-0a762/file.zip",
      "url": "http://pod.alibaba-inc.com/pod/download/JSONModel/1.7.1-framework/JSONModel.framework.zip"
    },
    {
      "name": "KSCrashTao",
      "path": "/Users/zhongwu/Documents/workspace/YKChannelComponent/SourcePackages/Downloads/Caches/Release/KSCrashTao/1.0.5.31-7bb9d/file.zip",
      "url": "https://mtl.alibaba-inc.com/oss/mtl4-dev/mtl4/jobs/8493471/artifacts/workspace/build/lipo/KSCrashTao.library.zip"
    },
    {
      "name": "Kaleidoscope",
      "path": "/Users/zhongwu/Documents/workspace/YKChannelComponent/SourcePackages/Downloads/Caches/Release/Kaleidoscope/1.0.1.15-fd523/file.zip",
      "url": "http://mtl.alibaba-inc.com/oss/mupp/10121849/build/lipo/Kaleidoscope.library.zip"
    },
    {
      "name": "LTM",
      "path": "/Users/zhongwu/Documents/workspace/YKChannelComponent/SourcePackages/Downloads/Caches/Release/LTM/1.13.0.4-8b5cc/file.zip",
      "url": "https://mtl.alibaba-inc.com/oss/mtl4-dev/mtl4/jobs/5734951/artifacts/workspace/build/lipo/LTM.library.zip"
    },
    {
      "name": "Lottie-youku",
      "path": "/Users/zhongwu/Documents/workspace/YKChannelComponent/SourcePackages/Downloads/Caches/Release/Lottie-youku/2.5.0.23-187ec/file.zip",
      "url": "https://mtl.alibaba-inc.com/oss/mtl4-dev/mtl4/jobs/3515084/artifacts/workspace/build/lipo/Lottie-youku.library.zip"
    },
    {
      "name": "MNN",
      "path": "/Users/zhongwu/Documents/workspace/YKChannelComponent/SourcePackages/Downloads/Caches/Release/MNN/2.8.3.0-77f7d/file.zip",
      "url": "https://mtl.alibaba-inc.com/oss/mtl4-dev/mtl4/jobs/6394154/artifacts/workspace/project/ios/build/lipo/MNN.library.zip"
    },
    {
      "name": "MNNBridge",
      "path": "/Users/zhongwu/Documents/workspace/YKChannelComponent/SourcePackages/Downloads/Caches/Release/MNNBridge/2.8.3.0-dd9c1/file.zip",
      "url": "https://mtl.alibaba-inc.com/oss/mtl4-dev/mtl4/jobs/6394938/artifacts/workspace/pymnn/iOS/MNNPyBridge/build/lipo/MNNBridge.library.zip"
    },
    {
      "name": "MNNRuntimeCore",
      "path": "/Users/zhongwu/Documents/workspace/YKChannelComponent/SourcePackages/Downloads/Caches/Release/MNNRuntimeCore/0.9.3.37-8b8fb/file.zip",
      "url": "https://mtl.alibaba-inc.com/oss/mtl4-dev/mtl4/jobs/4958331/artifacts/workspace/iOS/MNNRuntimeCore/build/lipo/MNNRuntimeCore.library.zip"
    },
    {
      "name": "MarsRescue",
      "path": "/Users/zhongwu/Documents/workspace/YKChannelComponent/SourcePackages/Downloads/Caches/Release/MarsRescue/1.1.1-6bbfb/file.zip",
      "url": "https://mtl.alibaba-inc.com/oss/mtl4-dev/mtl4/jobs/7873793/artifacts/build/lipo/MarsBox.bundle.library.zip"
    },
    {
      "name": "MtopSDK",
      "path": "/Users/zhongwu/Documents/workspace/YKChannelComponent/SourcePackages/Downloads/Caches/Release/MtopSDK/3.0.0.1-mix-yk-4adf3/file.zip",
      "url": "http://mtl.alibaba-inc.com/oss/mupp/12116448/build/lipo/MtopSDK.library.zip"
    },
    {
      "name": "NetworkSDK",
      "path": "/Users/zhongwu/Documents/workspace/YKChannelComponent/SourcePackages/Downloads/Caches/Release/NetworkSDK/6.2.2.42-log2-d4eee/file.zip",
      "url": "http://mtl.alibaba-inc.com/oss/mupp/11104109/build/lipo/NetworkSDK.library.zip"
    },
    {
      "name": "Nobel",
      "path": "/Users/zhongwu/Documents/workspace/YKChannelComponent/SourcePackages/Downloads/Caches/Release/Nobel/1.0.1.33-SNAPSHOT-93d13/file.zip",
      "url": "http://mtl.alibaba-inc.com/oss/mupp/14719576/build/lipo/Nobel.library.zip"
    },
    {
      "name": "NovelAdSDK-iOS",
      "path": "/Users/zhongwu/Documents/workspace/YKChannelComponent/SourcePackages/Downloads/Caches/Release/NovelAdSDK-iOS/2.0.0.336-SNAPSHOT-23426/file.zip",
      "url": "https://mtl.alibaba-inc.com/oss/mtl4-dev/mtl4/jobs/7345398/artifacts/workspace/build/lipo/NovelAdSDK-iOS.library.zip"
    },
    {
      "name": "OADComponent",
      "path": "/Users/zhongwu/Documents/workspace/YKChannelComponent/SourcePackages/Downloads/Caches/Release/OADComponent/0.0.0.4-SNAPSHOT-6c2bc/file.zip",
      "url": "https://mtl.alibaba-inc.com/oss/mtl4-dev/mtl4/jobs/4389255/artifacts/workspace/build/lipo/OADComponent.library.zip"
    },
    {
      "name": "OneArch",
      "path": "/Users/zhongwu/Documents/workspace/YKChannelComponent/SourcePackages/Downloads/Caches/Release/OneArch/1.0.2.183-SNAPSHOT-93ba9/file.zip",
      "url": "https://mtl.alibaba-inc.com/oss/mtl4-dev/mtl4/jobs/8257190/artifacts/workspace/build/lipo/OneArch.library.zip"
    },
    {
      "name": "OneArchBridge",
      "path": "/Users/zhongwu/Documents/workspace/YKChannelComponent/SourcePackages/Downloads/Caches/Release/OneArchBridge/1.0.8.141-SNAPSHOT-b51be/file.zip",
      "url": "https://mtl.alibaba-inc.com/oss/mtl4-dev/mtl4/jobs/5752651/artifacts/workspace/build/lipo/OneArchBridge.library.zip"
    },
    {
      "name": "OneArchCore",
      "path": "/Users/zhongwu/Documents/workspace/YKChannelComponent/SourcePackages/Downloads/Caches/Release/OneArchCore/1.2021.923.29-SNAPSHOT-bad3d/file.zip",
      "url": "https://mtl.alibaba-inc.com/oss/mtl4-dev/mtl4/jobs/2940030/artifacts/workspace/build/lipo/OneArchCore.library.zip"
    },
    {
      "name": "OneArchKit",
      "path": "/Users/zhongwu/Documents/workspace/YKChannelComponent/SourcePackages/Downloads/Caches/Release/OneArchKit/1.0.6.13-188c5/file.zip",
      "url": "https://mtl.alibaba-inc.com/oss/mtl4-dev/mtl4/jobs/74370/artifacts/workspace/build/lipo/OneArchKit.library.zip"
    },
    {
      "name": "OneArchSupport",
      "path": "/Users/zhongwu/Documents/workspace/YKChannelComponent/SourcePackages/Downloads/Caches/Release/OneArchSupport/1.0.6.8-SNAPSHOT-1aa0d/file.zip",
      "url": "https://mtl.alibaba-inc.com/oss/mtl4-dev/mtl4/jobs/2961089/artifacts/workspace/build/lipo/OneArchSupport.library.zip"
    },
    {
      "name": "OneArchSupport4Youku",
      "path": "/Users/zhongwu/Documents/workspace/YKChannelComponent/SourcePackages/Downloads/Caches/Release/OneArchSupport4Youku/1.0.9.182-SNAPSHOT-849cb/file.zip",
      "url": "https://mtl.alibaba-inc.com/oss/mtl4-dev/mtl4/jobs/8213538/artifacts/workspace/build/lipo/OneArchSupport4Youku.library.zip"
    },
    {
      "name": "OnePlayer",
      "path": "/Users/zhongwu/Documents/workspace/YKChannelComponent/SourcePackages/Downloads/Caches/Release/OnePlayer/3.7.40.7-SNAPSHOT-fec98/file.zip",
      "url": "https://mtl.alibaba-inc.com/oss/mtl4-dev/mtl4/jobs/630275/artifacts/workspace/build/lipo/OnePlayer.library.zip"
    },
    {
      "name": "OneServiceSwift",
      "path": "/Users/zhongwu/Documents/workspace/YKChannelComponent/SourcePackages/Downloads/Caches/Release/OneServiceSwift/1.3.0.48-27415/file.zip",
      "url": "https://mtl.alibaba-inc.com/oss/mtl4-dev/mtl4/jobs/5228212/artifacts/workspace/build/lipo/OneServiceSwift.library.zip"
    },
    {
      "name": "OneTransition",
      "path": "/Users/zhongwu/Documents/workspace/YKChannelComponent/SourcePackages/Downloads/Caches/Release/OneTransition/1.2023.110.2-SNAPSHOT-b7eda/file.zip",
      "url": "https://mtl.alibaba-inc.com/oss/mtl4-dev/mtl4/jobs/3293696/artifacts/workspace/build/lipo/OneTransition.library.zip"
    },
    {
      "name": "OneTransitionCore",
      "path": "/Users/zhongwu/Documents/workspace/YKChannelComponent/SourcePackages/Downloads/Caches/Release/OneTransitionCore/1.2022.413.24-SNAPSHOT-76c51/file.zip",
      "url": "https://mtl.alibaba-inc.com/oss/mtl4-dev/mtl4/jobs/3290349/artifacts/workspace/build/lipo/OneTransitionCore.library.zip"
    },
    {
      "name": "OneUtils",
      "path": "/Users/zhongwu/Documents/workspace/YKChannelComponent/SourcePackages/Downloads/Caches/Release/OneUtils/1.0.3.14-781d6/file.zip",
      "url": "https://mtl.alibaba-inc.com/oss/mtl4-dev/mtl4/jobs/272828/artifacts/workspace/build/lipo/OneUtils.library.zip"
    },
    {
      "name": "PromptControl",
      "path": "/Users/zhongwu/Documents/workspace/YKChannelComponent/SourcePackages/Downloads/Caches/Release/PromptControl/1.0.1.76-551bb/file.zip",
      "url": "https://mtl.alibaba-inc.com/oss/mtl4-dev/mtl4/jobs/7600613/artifacts/workspace/build/lipo/PromptControl.library.zip"
    },
    {
      "name": "RegexKitLite",
      "path": "/Users/zhongwu/Documents/workspace/YKChannelComponent/SourcePackages/Downloads/Caches/Release/RegexKitLite/4.0-framework-7b3ce/file.zip",
      "url": "http://pod.alibaba-inc.com/pod/download/RegexKitLite/4.0-framework/RegexKitLite.framework.zip"
    },
    {
      "name": "RiverLogger",
      "path": "/Users/zhongwu/Documents/workspace/YKChannelComponent/SourcePackages/Downloads/Caches/Release/RiverLogger/1.0.8-6a3dc/file.zip",
      "url": "http://mtl.alibaba-inc.com/oss/mupp/13596053/ios/build/lipo/RiverLogger.library.zip"
    },
    {
      "name": "SDWebImage",
      "path": "/Users/zhongwu/Documents/workspace/YKChannelComponent/SourcePackages/Downloads/Caches/Release/SDWebImage/4.3.0.21-youku-d626b/file.zip",
      "url": "https://mtl.alibaba-inc.com/oss/mtl4-dev/mtl4/jobs/3432919/artifacts/workspace/build/lipo/SDWebImage.library.zip"
    },
    {
      "name": "SGMain",
      "path": "/Users/zhongwu/Documents/workspace/YKChannelComponent/SourcePackages/Downloads/Caches/Release/SGMain/6.7.250103.1143351162-69a4d/file.zip",
      "url": "https://mtl.alibaba-inc.com/oss/mtl4-dev/mtl4/jobs/8853063/artifacts/workspace/SGMain.library.zip"
    },
    {
      "name": "SGSecurityBody",
      "path": "/Users/zhongwu/Documents/workspace/YKChannelComponent/SourcePackages/Downloads/Caches/Release/SGSecurityBody/6.7.250103.1143351162-e15c6/file.zip",
      "url": "https://mtl.alibaba-inc.com/oss/mtl4-dev/mtl4/jobs/8853064/artifacts/workspace/SGSecurityBody.library.zip"
    },
    {
      "name": "SVPullToRefresh",
      "path": "/Users/zhongwu/Documents/workspace/YKChannelComponent/SourcePackages/Downloads/Caches/Release/SVPullToRefresh/0.4.2.4-e6348/file.zip",
      "url": "http://mtl.alibaba-inc.com/oss/mupp/14778650/build/lipo/SVPullToRefresh.library.zip"
    },
    {
      "name": "SecurityGuardSDK",
      "path": "/Users/zhongwu/Documents/workspace/YKChannelComponent/SourcePackages/Downloads/Caches/Release/SecurityGuardSDK/6.7.250103.1143351162-2a139/file.zip",
      "url": "https://mtl.alibaba-inc.com/oss/mtl4-dev/mtl4/jobs/8853062/artifacts/workspace/SecurityGuardSDK.library.zip"
    },
    {
      "name": "TBCDNImage",
      "path": "/Users/zhongwu/Documents/workspace/YKChannelComponent/SourcePackages/Downloads/Caches/Release/TBCDNImage/5.0.0-0755e/file.zip",
      "url": "http://mtl.alibaba-inc.com/oss/mupp/12284531/build/lipo/TBCDNImage.library.zip"
    },
    {
      "name": "TBCrashReporter",
      "path": "/Users/zhongwu/Documents/workspace/YKChannelComponent/SourcePackages/Downloads/Caches/Release/TBCrashReporter/100.0.0.1-e1d02/file.zip",
      "url": "https://sg.mtl4.alibaba-inc.com/scheduler/jobs/100345430/artifacts/4f357b155d87483d8857e02222b87cef/download/TBCrashReporterBox.bundle.zip"
    },
    {
      "name": "TBDataTransfer",
      "path": "/Users/zhongwu/Documents/workspace/YKChannelComponent/SourcePackages/Downloads/Caches/Release/TBDataTransfer/100.0.0.1-dfe7c/file.zip",
      "url": "https://sg.mtl4.alibaba-inc.com/scheduler/jobs/100345435/artifacts/685aff6ffb7f47748317fd8702fcf1ef/download/TBDataTransferBox.bundle.zip"
    },
    {
      "name": "TBHuDongBaseBundle",
      "path": "/Users/zhongwu/Documents/workspace/YKChannelComponent/SourcePackages/Downloads/Caches/Release/TBHuDongBaseBundle/1.15.2-704bd/file.zip",
      "url": "https://mtl.alibaba-inc.com/oss/mtl4-dev/mtl4/jobs/8193389/artifacts/build/lipo/TBHuDongBaseBundleBox.bundle.library.zip"
    },
    {
      "name": "TBImagePicker",
      "path": "/Users/zhongwu/Documents/workspace/YKChannelComponent/SourcePackages/Downloads/Caches/Release/TBImagePicker/1.3.0-db75a/file.zip",
      "url": "http://mtl.alibaba-inc.com/oss/mupp/14032556/build/lipo/TBImagePicker.library.zip"
    },
    {
      "name": "TBJSONModel",
      "path": "/Users/zhongwu/Documents/workspace/YKChannelComponent/SourcePackages/Downloads/Caches/Release/TBJSONModel/0.1.20-25f9b/file.zip",
      "url": "http://mtl.alibaba-inc.com/oss/mupp/12246827/build/lipo/TBJSONModel.library.zip"
    },
    {
      "name": "TBMemoryProfiler",
      "path": "/Users/zhongwu/Documents/workspace/YKChannelComponent/SourcePackages/Downloads/Caches/Release/TBMemoryProfiler/1.4.3.27-1e70e/file.zip",
      "url": "https://mtl.alibaba-inc.com/oss/mtl4-dev/mtl4/jobs/8749653/artifacts/workspace/build/lipo/TBMemoryProfiler.library.zip"
    },
    {
      "name": "TBPopLayerCommon",
      "path": "/Users/zhongwu/Documents/workspace/YKChannelComponent/SourcePackages/Downloads/Caches/Release/TBPopLayerCommon/7.1.0.1-e3967/file.zip",
      "url": "https://mtl.alibaba-inc.com/oss/mtl4-dev/mtl4/jobs/1357302/artifacts/workspace/build/lipo/TBPopLayerCommon.library.zip"
    },
    {
      "name": "TBRest",
      "path": "/Users/zhongwu/Documents/workspace/YKChannelComponent/SourcePackages/Downloads/Caches/Release/TBRest/10.0.6.9-5d892/file.zip",
      "url": "https://mtl.alibaba-inc.com/oss/mtl4-dev/mtl4/jobs/7771427/artifacts/build/lipo/TBRestBox.bundle.library.zip"
    },
    {
      "name": "TBSafeFoundationCategory",
      "path": "/Users/zhongwu/Documents/workspace/YKChannelComponent/SourcePackages/Downloads/Caches/Release/TBSafeFoundationCategory/1.1.0-fa627/file.zip",
      "url": "https://mtl4.alibaba-inc.com/scheduler/jobs/5754693/artifacts/8af2509db19e403f8351cdc98e915860/download/TBSafeFoundationCategoryBox.bundle.zip"
    },
    {
      "name": "TRemoteDebugger",
      "path": "/Users/zhongwu/Documents/workspace/YKChannelComponent/SourcePackages/Downloads/Caches/Release/TRemoteDebugger/10.0.5.5-youku-0cff4/file.zip",
      "url": "http://mtl.alibaba-inc.com/oss/mupp/14838618/build/lipo/TRemoteDebugger.library.zip"
    },
    {
      "name": "TScheduleProtocol",
      "path": "/Users/zhongwu/Documents/workspace/YKChannelComponent/SourcePackages/Downloads/Caches/Release/TScheduleProtocol/1.3-b2e4d/file.zip",
      "url": "https://sg.mtl4.alibaba-inc.com/scheduler/jobs/100323675/artifacts/1d3a39c26b1448a8998651607c6f349a/download/TScheduleProtocolBox.bundle.zip"
    },
    {
      "name": "UTDID",
      "path": "/Users/zhongwu/Documents/workspace/YKChannelComponent/SourcePackages/Downloads/Caches/Release/UTDID/1.6.0.3-80312/file.zip",
      "url": "http://mtl.alibaba-inc.com/oss/mupp/15374786/build/lipo/UTDID.library.zip"
    },
    {
      "name": "UserTrack",
      "path": "/Users/zhongwu/Documents/workspace/YKChannelComponent/SourcePackages/Downloads/Caches/Release/UserTrack/6.3.6.54-93fdf/file.zip",
      "url": "http://mtl.alibaba-inc.com/oss/mupp/cocoapods/usertrack4ios/6.3.6.54/RELEASE/0/UT.framework.zip"
    },
    {
      "name": "Walle",
      "path": "/Users/zhongwu/Documents/workspace/YKChannelComponent/SourcePackages/Downloads/Caches/Release/Walle/3.0.4.4-auge-dynamic-0ce77/file.zip",
      "url": "https://mtl.alibaba-inc.com/oss/mtl4-dev/mtl4/jobs/706653/artifacts/workspace/iOS/build/lipo/Walle.library.zip"
    },
    {
      "name": "WebP",
      "path": "/Users/zhongwu/Documents/workspace/YKChannelComponent/SourcePackages/Downloads/Caches/Release/WebP/2.3.4-eleme-d17ae/file.zip",
      "url": "https://mtl.alibaba-inc.com/oss/mtl4-dev/mtl4/jobs/5065539/artifacts/workspace/build/lipo/WebP.library.zip"
    },
    {
      "name": "WeexSDK",
      "path": "/Users/zhongwu/Documents/workspace/YKChannelComponent/SourcePackages/Downloads/Caches/Release/WeexSDK/0.28.15.2-YK-daa98/file.zip",
      "url": "http://mtl.alibaba-inc.com/oss/mupp/cocoapods/WeexSDK/0.28.15.2-YK/RELEASE/0/WeexSDK.framework.zip"
    },
    {
      "name": "WindMix",
      "path": "/Users/zhongwu/Documents/workspace/YKChannelComponent/SourcePackages/Downloads/Caches/Release/WindMix/1.0.8.14-09c06/file.zip",
      "url": "https://sg.mtl4.alibaba-inc.com/scheduler/jobs/100336317/artifacts/224371f441624af3a085a813098333aa/download/WindMixBox.bundle.zip"
    },
    {
      "name": "WindVane",
      "path": "/Users/zhongwu/Documents/workspace/YKChannelComponent/SourcePackages/Downloads/Caches/Release/WindVane/8.7.2-noUI-4b673/file.zip",
      "url": "http://mtl.alibaba-inc.com/oss/mupp/13890797/build/lipo/WindVane.library.zip"
    },
    {
      "name": "Windmill",
      "path": "/Users/zhongwu/Documents/workspace/YKChannelComponent/SourcePackages/Downloads/Caches/Release/Windmill/1.3.7.7-b7334/file.zip",
      "url": "http://mtl.alibaba-inc.com/oss/mupp/13128605/ios/build/lipo/Windmill.library.zip"
    },
    {
      "name": "YKCMSComponent",
      "path": "/Users/zhongwu/Documents/workspace/YKChannelComponent/SourcePackages/Downloads/Caches/Release/YKCMSComponent/1.1.10.56-SNAPSHOT-8cf4b/file.zip",
      "url": "https://mtl.alibaba-inc.com/oss/mtl4-dev/mtl4/jobs/7691752/artifacts/workspace/build/lipo/YKCMSComponent.library.zip"
    },
    {
      "name": "YKCMSService",
      "path": "/Users/zhongwu/Documents/workspace/YKChannelComponent/SourcePackages/Downloads/Caches/Release/YKCMSService/1.1.13.15-100d8/file.zip",
      "url": "http://mtl.alibaba-inc.com/oss/mupp/14559681/build/lipo/YKCMSService.library.zip"
    },
    {
      "name": "YKCard",
      "path": "/Users/zhongwu/Documents/workspace/YKChannelComponent/SourcePackages/Downloads/Caches/Release/YKCard/1.1.10.0-6a550/file.zip",
      "url": "http://mtl.alibaba-inc.com/oss/mupp/14174200/build/lipo/YKCard.library.zip"
    },
    {
      "name": "YKChannel",
      "path": "/Users/zhongwu/Documents/workspace/YKChannelComponent/SourcePackages/Downloads/Caches/Release/YKChannel/1.2021.1120.86-SNAPSHOT-c051d/file.zip",
      "url": "https://mtl.alibaba-inc.com/oss/mtl4-dev/mtl4/jobs/6601684/artifacts/workspace/build/lipo/YKChannel.library.zip"
    },
    {
      "name": "YKChannelBase",
      "path": "/Users/zhongwu/Documents/workspace/YKChannelComponent/SourcePackages/Downloads/Caches/Release/YKChannelBase/2.0.3.86-SNAPSHOT-e8ec4/file.zip",
      "url": "https://mtl.alibaba-inc.com/oss/mtl4-dev/mtl4/jobs/2936326/artifacts/workspace/build/lipo/YKChannelBase.library.zip"
    },
    {
      "name": "YKChannelPage",
      "path": "/Users/zhongwu/Documents/workspace/YKChannelComponent/SourcePackages/Downloads/Caches/Release/YKChannelPage/1.1.6.452-SNAPSHOT-28ece/file.zip",
      "url": "https://mtl.alibaba-inc.com/oss/mtl4-dev/mtl4/jobs/7917269/artifacts/workspace/build/lipo/YKChannelPage.library.zip"
    },
    {
      "name": "YKDBService",
      "path": "/Users/zhongwu/Documents/workspace/YKChannelComponent/SourcePackages/Downloads/Caches/Release/YKDBService/1.0.3.17-9d31a/file.zip",
      "url": "https://mtl.alibaba-inc.com/oss/mtl4-dev/mtl4/jobs/71756/artifacts/workspace/build/lipo/YKDBService.library.zip"
    },
    {
      "name": "YKDowngradeSDK",
      "path": "/Users/zhongwu/Documents/workspace/YKChannelComponent/SourcePackages/Downloads/Caches/Release/YKDowngradeSDK/1.0.3.16-f4e65/file.zip",
      "url": "http://mtl.alibaba-inc.com/oss/mupp/14546145/build/lipo/YKDowngradeSDK.library.zip"
    },
    {
      "name": "YKEdgeAI",
      "path": "/Users/zhongwu/Documents/workspace/YKChannelComponent/SourcePackages/Downloads/Caches/Release/YKEdgeAI/1.0.1.60-e9b3e/file.zip",
      "url": "https://mtl.alibaba-inc.com/oss/mtl4-dev/mtl4/jobs/3563770/artifacts/workspace/build/lipo/YKEdgeAI.library.zip"
    },
    {
      "name": "YKLiveService",
      "path": "/Users/zhongwu/Documents/workspace/YKChannelComponent/SourcePackages/Downloads/Caches/Release/YKLiveService/1.20.825.9-00485/file.zip",
      "url": "http://mtl.alibaba-inc.com/oss/mupp/13688566/build/lipo/YKLiveService.library.zip"
    },
    {
      "name": "YKMediationAds",
      "path": "/Users/zhongwu/Documents/workspace/YKChannelComponent/SourcePackages/Downloads/Caches/Release/YKMediationAds/1.0.5.21-89e24/file.zip",
      "url": "https://mtl.alibaba-inc.com/oss/mtl4-dev/mtl4/jobs/5632015/artifacts/workspace/Build/lipo/YKMediationAds.library.zip"
    },
    {
      "name": "YKModeConfigFramework",
      "path": "/Users/zhongwu/Documents/workspace/YKChannelComponent/SourcePackages/Downloads/Caches/Release/YKModeConfigFramework/1.0.0.6-4a435/file.zip",
      "url": "https://mtl.alibaba-inc.com/oss/mtl4-dev/mtl4/jobs/218986/artifacts/workspace/build/lipo/YKModeConfigFramework.library.zip"
    },
    {
      "name": "YKModelUIFramework",
      "path": "/Users/zhongwu/Documents/workspace/YKChannelComponent/SourcePackages/Downloads/Caches/Release/YKModelUIFramework/1.0.5.31-SNAPSHOT-b08a7/file.zip",
      "url": "https://mtl.alibaba-inc.com/oss/mtl4-dev/mtl4/jobs/1020140/artifacts/workspace/build/lipo/YKModelUIFramework.library.zip"
    },
    {
      "name": "YKMtopRecover",
      "path": "/Users/zhongwu/Documents/workspace/YKChannelComponent/SourcePackages/Downloads/Caches/Release/YKMtopRecover/1.0.3.6-f93d7/file.zip",
      "url": "https://mtl.alibaba-inc.com/oss/mtl4-dev/mtl4/jobs/953066/artifacts/workspace/build/lipo/YKMtopRecover.library.zip"
    },
    {
      "name": "YKNodePage",
      "path": "/Users/zhongwu/Documents/workspace/YKChannelComponent/SourcePackages/Downloads/Caches/Release/YKNodePage/1.0.21.116-SNAPSHOT-85ff0/file.zip",
      "url": "https://mtl.alibaba-inc.com/oss/mtl4-dev/mtl4/jobs/5371214/artifacts/workspace/build/lipo/YKNodePage.library.zip"
    },
    {
      "name": "YKOneConfig",
      "path": "/Users/zhongwu/Documents/workspace/YKChannelComponent/SourcePackages/Downloads/Caches/Release/YKOneConfig/1.0.3.49-76e01/file.zip",
      "url": "https://mtl.alibaba-inc.com/oss/mtl4-dev/mtl4/jobs/191436/artifacts/workspace/build/lipo/YKOneConfig.library.zip"
    },
    {
      "name": "YKOneService",
      "path": "/Users/zhongwu/Documents/workspace/YKChannelComponent/SourcePackages/Downloads/Caches/Release/YKOneService/1.0.5.1-d85a4/file.zip",
      "url": "http://mtl.alibaba-inc.com/oss/mupp/14280080/build/lipo/YKOneService.library.zip"
    },
    {
      "name": "YKPreprocess",
      "path": "/Users/zhongwu/Documents/workspace/YKChannelComponent/SourcePackages/Downloads/Caches/Release/YKPreprocess/1.0.1-SNAPSHOT-9c618/file.zip",
      "url": "https://mtl.alibaba-inc.com/oss/mtl4-dev/mtl4/jobs/1277868/artifacts/workspace/build/lipo/YKPreprocess.library.zip"
    },
    {
      "name": "YKProtocolSDK",
      "path": "/Users/zhongwu/Documents/workspace/YKChannelComponent/SourcePackages/Downloads/Caches/Release/YKProtocolSDK/1.0.11.157-SNAPSHOT-1888c/file.zip",
      "url": "https://mtl.alibaba-inc.com/oss/mtl4-dev/mtl4/jobs/7621571/artifacts/workspace/build/lipo/YKProtocolSDK.library.zip"
    },
    {
      "name": "YKResponsiveLayout",
      "path": "/Users/zhongwu/Documents/workspace/YKChannelComponent/SourcePackages/Downloads/Caches/Release/YKResponsiveLayout/1.0.7.51-SNAPSHOT-6b1b0/file.zip",
      "url": "https://mtl.alibaba-inc.com/oss/mtl4-dev/mtl4/jobs/2977092/artifacts/workspace/build/lipo/YKResponsiveLayout.library.zip"
    },
    {
      "name": "YKSCBase",
      "path": "/Users/zhongwu/Documents/workspace/YKChannelComponent/SourcePackages/Downloads/Caches/Release/YKSCBase/1.1.4.1-fc268/file.zip",
      "url": "https://mtl.alibaba-inc.com/oss/mtl4-dev/mtl4/jobs/199423/artifacts/workspace/build/lipo/YKSCBase.library.zip"
    },
    {
      "name": "YKSCChannel",
      "path": "/Users/zhongwu/Documents/workspace/YKChannelComponent/SourcePackages/Downloads/Caches/Release/YKSCChannel/1.2.30.94-SNAPSHOT-2cf51/file.zip",
      "url": "https://mtl.alibaba-inc.com/oss/mtl4-dev/mtl4/jobs/6605137/artifacts/workspace/build/lipo/YKSCChannel.library.zip"
    },
    {
      "name": "YKSCConst",
      "path": "/Users/zhongwu/Documents/workspace/YKChannelComponent/SourcePackages/Downloads/Caches/Release/YKSCConst/1.0.1.2-SNAPSHOT-0419d/file.zip",
      "url": "https://mtl.alibaba-inc.com/oss/mtl4-dev/mtl4/jobs/230423/artifacts/workspace/build/lipo/YKSCConst.library.zip"
    },
    {
      "name": "YKSCScene",
      "path": "/Users/zhongwu/Documents/workspace/YKChannelComponent/SourcePackages/Downloads/Caches/Release/YKSCScene/1.0.5.27-406ca/file.zip",
      "url": "https://mtl.alibaba-inc.com/oss/mtl4-dev/mtl4/jobs/40353/artifacts/workspace/build/lipo/YKSCScene.library.zip"
    },
    {
      "name": "YKSCService",
      "path": "/Users/zhongwu/Documents/workspace/YKChannelComponent/SourcePackages/Downloads/Caches/Release/YKSCService/1.2022.1.205-ef050/file.zip",
      "url": "https://mtl.alibaba-inc.com/oss/mtl4-dev/mtl4/jobs/1462470/artifacts/workspace/build/lipo/YKSCService.library.zip"
    },
    {
      "name": "YKSCiPhoneBusiness",
      "path": "/Users/zhongwu/Documents/workspace/YKChannelComponent/SourcePackages/Downloads/Caches/Release/YKSCiPhoneBusiness/1.0.0.121-SNAPSHOT-5261d/file.zip",
      "url": "https://mtl.alibaba-inc.com/oss/mtl4-dev/mtl4/jobs/360018/artifacts/workspace/build/lipo/YKSCiPhoneBusiness.library.zip"
    },
    {
      "name": "YKSCiPhoneConst",
      "path": "/Users/zhongwu/Documents/workspace/YKChannelComponent/SourcePackages/Downloads/Caches/Release/YKSCiPhoneConst/1.0.0.4-SNAPSHOT-f0875/file.zip",
      "url": "https://mtl.alibaba-inc.com/oss/mtl4-dev/mtl4/jobs/176325/artifacts/workspace/build/lipo/YKSCiPhoneConst.library.zip"
    },
    {
      "name": "YKSCiPhoneService",
      "path": "/Users/zhongwu/Documents/workspace/YKChannelComponent/SourcePackages/Downloads/Caches/Release/YKSCiPhoneService/1.0.1.222-SNAPSHOT-bc9b8/file.zip",
      "url": "https://mtl.alibaba-inc.com/oss/mtl4-dev/mtl4/jobs/811215/artifacts/workspace/build/lipo/YKSCiPhoneService.library.zip"
    },
    {
      "name": "YKSkinManager",
      "path": "/Users/zhongwu/Documents/workspace/YKChannelComponent/SourcePackages/Downloads/Caches/Release/YKSkinManager/1.0.1.126-34c88/file.zip",
      "url": "https://mtl.alibaba-inc.com/oss/mtl4-dev/mtl4/jobs/2068335/artifacts/workspace/build/lipo/YKSkinManager.library.zip"
    },
    {
      "name": "YKUIComponent",
      "path": "/Users/zhongwu/Documents/workspace/YKChannelComponent/SourcePackages/Downloads/Caches/Release/YKUIComponent/1.1.9.72-SNAPSHOT-ef8d7/file.zip",
      "url": "https://mtl.alibaba-inc.com/oss/mtl4-dev/mtl4/jobs/1583646/artifacts/workspace/build/lipo/YKUIComponent.library.zip"
    },
    {
      "name": "YKViewAutoTest",
      "path": "/Users/zhongwu/Documents/workspace/YKChannelComponent/SourcePackages/Downloads/Caches/Release/YKViewAutoTest/1.0.4.19-2f761/file.zip",
      "url": "https://mtl.alibaba-inc.com/oss/mtl4-dev/mtl4/jobs/3507980/artifacts/workspace/build/lipo/YKViewAutoTest.library.zip"
    },
    {
      "name": "YYModel",
      "path": "/Users/zhongwu/Documents/workspace/YKChannelComponent/SourcePackages/Downloads/Caches/Release/YYModel/1.0.100-3c597/file.zip",
      "url": "https://sg.mtl4.alibaba-inc.com/scheduler/jobs/100383913/artifacts/ef400cf2a3d949aca694386a5254164b/download/YYModelBox.bundle.zip"
    },
    {
      "name": "YYText",
      "path": "/Users/zhongwu/Documents/workspace/YKChannelComponent/SourcePackages/Downloads/Caches/Release/YYText/1.0.7.10-2da0c/file.zip",
      "url": "https://mtl.alibaba-inc.com/oss/mtl4-dev/mtl4/jobs/497343/artifacts/workspace/Framework/build/lipo/YYText.library.zip"
    },
    {
      "name": "YouKuiOSModel",
      "path": "/Users/zhongwu/Documents/workspace/YKChannelComponent/SourcePackages/Downloads/Caches/Release/YouKuiOSModel/1.0.1.18-fb2f2/file.zip",
      "url": "https://mtl.alibaba-inc.com/oss/mtl4-dev/mtl4/jobs/44322/artifacts/workspace/build/lipo/YouKuiOSModel.library.zip"
    },
    {
      "name": "YoukuAnalytics",
      "path": "/Users/zhongwu/Documents/workspace/YKChannelComponent/SourcePackages/Downloads/Caches/Release/YoukuAnalytics/1.0.7.6-06b25/file.zip",
      "url": "http://mtl.alibaba-inc.com/oss/mupp/14350031/build/lipo/YoukuAnalytics.library.zip"
    },
    {
      "name": "YoukuAppAlarm",
      "path": "/Users/zhongwu/Documents/workspace/YKChannelComponent/SourcePackages/Downloads/Caches/Release/YoukuAppAlarm/1.0.1.53-e914a/file.zip",
      "url": "http://mtl.alibaba-inc.com/oss/mupp/14545516/build/lipo/YoukuAppAlarm.library.zip"
    },
    {
      "name": "YoukuCore",
      "path": "/Users/zhongwu/Documents/workspace/YKChannelComponent/SourcePackages/Downloads/Caches/Release/YoukuCore/1.2.10.17-61266/file.zip",
      "url": "https://mtl.alibaba-inc.com/oss/mtl4-dev/mtl4/jobs/703878/artifacts/workspace/build/lipo/YoukuCore.library.zip"
    },
    {
      "name": "YoukuDebug",
      "path": "/Users/zhongwu/Documents/workspace/YKChannelComponent/SourcePackages/Downloads/Caches/Release/YoukuDebug/1.1.3.129-864a8/file.zip",
      "url": "https://mtl.alibaba-inc.com/oss/mtl4-dev/mtl4/jobs/642557/artifacts/workspace/build/lipo/YoukuDebug.library.zip"
    },
    {
      "name": "YoukuHome",
      "path": "/Users/zhongwu/Documents/workspace/YKChannelComponent/SourcePackages/Downloads/Caches/Release/YoukuHome/118.0.0.148-SNAPSHOT-34974/file.zip",
      "url": "https://mtl.alibaba-inc.com/oss/mtl4-dev/mtl4/jobs/8075309/artifacts/workspace/build/lipo/YoukuHome.library.zip"
    },
    {
      "name": "YoukuMtopExtension",
      "path": "/Users/zhongwu/Documents/workspace/YKChannelComponent/SourcePackages/Downloads/Caches/Release/YoukuMtopExtension/1.1.8-31af9/file.zip",
      "url": "http://mtl.alibaba-inc.com/oss/mupp/14897777/build/lipo/YoukuMtopExtension.library.zip"
    },
    {
      "name": "YoukuResourceSDK",
      "path": "/Users/zhongwu/Documents/workspace/YKChannelComponent/SourcePackages/Downloads/Caches/Release/YoukuResourceSDK/1.0.8.515-SNAPSHOT-188fc/file.zip",
      "url": "https://mtl.alibaba-inc.com/oss/mtl4-dev/mtl4/jobs/8274226/artifacts/workspace/build/lipo/YoukuResourceSDK.library.zip"
    },
    {
      "name": "YoukuShare",
      "path": "/Users/zhongwu/Documents/workspace/YKChannelComponent/SourcePackages/Downloads/Caches/Release/YoukuShare/2.3.2.76-436bc/file.zip",
      "url": "https://mtl.alibaba-inc.com/oss/mtl4-dev/mtl4/jobs/2905033/artifacts/workspace/build/lipo/YoukuShare.library.zip"
    },
    {
      "name": "YoukuUCAdSDK",
      "path": "/Users/zhongwu/Documents/workspace/YKChannelComponent/SourcePackages/Downloads/Caches/Release/YoukuUCAdSDK/2.0.0.51-SNAPSHOT-3cb9d/file.zip",
      "url": "https://mtl.alibaba-inc.com/oss/mtl4-dev/mtl4/jobs/4839485/artifacts/workspace/build/lipo/YoukuUCAdSDK.library.zip"
    },
    {
      "name": "YoukuUserServices",
      "path": "/Users/zhongwu/Documents/workspace/YKChannelComponent/SourcePackages/Downloads/Caches/Release/YoukuUserServices/1.0.1.2-b7249/file.zip",
      "url": "http://mtl.alibaba-inc.com/oss/mupp/10860890/build/lipo/YoukuUserServices.library.zip"
    },
    {
      "name": "YoukuXAdSDK",
      "path": "/Users/zhongwu/Documents/workspace/YKChannelComponent/SourcePackages/Downloads/Caches/Release/YoukuXAdSDK/2.0.4.220-SNAPSHOT-bfd5d/file.zip",
      "url": "https://mtl.alibaba-inc.com/oss/mtl4-dev/mtl4/jobs/8039512/artifacts/workspace/build/lipo/YoukuXAdSDK.library.zip"
    },
    {
      "name": "ZCache",
      "path": "/Users/zhongwu/Documents/workspace/YKChannelComponent/SourcePackages/Downloads/Caches/Release/ZCache/10.1.8.9-d06e3/file.zip",
      "url": "http://mtl.alibaba-inc.com/oss/mupp/12615691/ios/build/lipo/ZCache.library.zip"
    },
    {
      "name": "ZipArchive",
      "path": "/Users/zhongwu/Documents/workspace/YKChannelComponent/SourcePackages/Downloads/Caches/Release/ZipArchive/1.5.1-b705e/file.zip",
      "url": "https://mtl.alibaba-inc.com/oss/mtl4-dev/mtl4/jobs/502878/artifacts/workspace/build/lipo/ZipArchive.library.zip"
    },
    {
      "name": "libzstd",
      "path": "/Users/zhongwu/Documents/workspace/YKChannelComponent/SourcePackages/Downloads/Caches/Release/libzstd/1.0.4-5b431/file.zip",
      "url": "https://mtl4.alibaba-inc.com/scheduler/jobs/5724036/artifacts/c4bf5bed7d66438c916fdae8b9ee99c1/download/libzstdBox.bundle.zip"
    },
    {
      "name": "mtopext",
      "path": "/Users/zhongwu/Documents/workspace/YKChannelComponent/SourcePackages/Downloads/Caches/Release/mtopext/3.0.0.7-mix-893b6/file.zip",
      "url": "http://mtl.alibaba-inc.com/oss/mupp/12718669/build/lipo/mtopext.library.zip"
    },
    {
      "name": "orange",
      "path": "/Users/zhongwu/Documents/workspace/YKChannelComponent/SourcePackages/Downloads/Caches/Release/orange/1.6.3.16-youku-adapt-1b3f2/file.zip",
      "url": "https://mtl.alibaba-inc.com/oss/mtl4-dev/mtl4/jobs/2322972/artifacts/workspace/framework/build/lipo/orange.library.zip"
    },
    {
      "name": "peregrine_lite",
      "path": "/Users/zhongwu/Documents/workspace/YKChannelComponent/SourcePackages/Downloads/Caches/Release/peregrine_lite/1.5.0-45ece/file.zip",
      "url": "http://mtl.alibaba-inc.com/oss/mupp/12288722/ios/build/lipo/Peregrine_lite.library.zip"
    },
    {
      "name": "tnet",
      "path": "/Users/zhongwu/Documents/workspace/YKChannelComponent/SourcePackages/Downloads/Caches/Release/tnet/3.1.15.35-64dd0/file.zip",
      "url": "http://mtl.alibaba-inc.com/oss/mupp/cocoapods/tnet/3.1.15.35/RELEASE/0/Tnet.framework.zip"
    },
    {
      "name": "xlite",
      "path": "/Users/zhongwu/Documents/workspace/YKChannelComponent/SourcePackages/Downloads/Caches/Release/xlite/1.0.2.22-07bbb/file.zip",
      "url": "https://mtl.alibaba-inc.com/oss/mtl4-dev/mtl4/jobs/5439560/artifacts/workspace/solutions/iOS/build/lipo/xlite.library.zip"
    }
  ],
  "headers": {
    "User-Agent": "CocoaPods/1.11.3 Downloader/1.3.0"
  }
}
